{"cameraMode":{"drawMode":0,"name":"Shaded","section":"Shading Mode"},"sceneLighting":true,"audioPlay":false,"sceneViewState":{"m_AlwaysRefresh":false,"showFog":true,"showSkybox":true,"showFlares":true,"showImageEffects":true,"showParticleSystems":true,"showVisualEffectGraphs":true,"m_FxEnabled":true},"in2DMode":false,"pivot":{"x":1.8673866987228394,"y":21.5902156829834,"z":-8.080547332763672},"rotation":{"x":0.6665482521057129,"y":0.007372255437076092,"z":-0.006577297113835812,"w":0.745402991771698},"size":1.3684512376785279,"orthographic":false}